{"initial_reset_timestamp": 72924.3593107, "timestamps": [72925.0867301, 72926.2254897, 72926.8013222, 72927.39464, 72928.0829001, 72928.9356081, 72929.6105088, 72930.1112021, 72930.5255808, 72930.9603819], "episode_lengths": [181, 304, 156, 161, 186, 227, 182, 135, 111, 117], "episode_rewards": [5.0, 8.0, 4.0, 3.0, 5.0, 7.0, 5.0, 3.0, 3.0, 2.0], "episode_types": ["t", "t", "t", "t", "t", "t", "t", "t", "t", "t"]}