{"initial_reset_timestamp": 72286.3500517, "timestamps": [72286.9865406, 72287.5660716, 72287.9116706, 72288.8249758, 72289.7914218, 72290.4466329, 72290.9225106, 72291.5802606, 72292.15279, 72293.8088884, 72294.4770849, 72294.8262619, 72296.1160609, 72297.1726623, 72298.3887984, 72298.8155929, 72299.4602817, 72299.6807066, 72300.6059204, 72301.3658833, 72302.100304, 72302.6512962, 72303.0072699, 72303.3722066, 72304.1348734, 72307.4212679, 72308.0599186, 72308.2442983, 72308.4318398, 72308.6190931, 72310.154228, 72310.5905992, 72311.4960171, 72311.9441551, 72312.4031816, 72313.3956845, 72313.9677732, 72314.3093118, 72315.0362871, 72315.4610986, 72316.1636313, 72317.2652375, 72317.9141926, 72318.5806213, 72318.7714002, 72319.5152344, 72320.3152055, 72320.8032327, 72321.5854095, 72322.5817159], "episode_lengths": [132, 137, 85, 223, 230, 151, 114, 156, 140, 386, 154, 84, 312, 257, 289, 102, 155, 53, 224, 181, 176, 133, 86, 88, 184, 794, 155, 44, 45, 44, 371, 102, 205, 109, 109, 232, 134, 83, 158, 103, 153, 249, 157, 157, 44, 175, 188, 118, 188, 243], "episode_rewards": [3.0, 3.0, 2.0, 7.0, 7.0, 4.0, 3.0, 4.0, 3.0, 10.0, 4.0, 2.0, 9.0, 7.0, 8.0, 2.0, 4.0, 1.0, 6.0, 5.0, 5.0, 3.0, 2.0, 2.0, 5.0, 26.0, 3.0, 1.0, 1.0, 1.0, 10.0, 2.0, 6.0, 2.0, 3.0, 6.0, 3.0, 2.0, 4.0, 2.0, 4.0, 7.0, 4.0, 4.0, 1.0, 5.0, 6.0, 3.0, 5.0, 6.0], "episode_types": ["t", "t", "t", "t", "t", "t", "t", "t", "t", "t", "t", "t", "t", "t", "t", "t", "t", "t", "t", "t", "t", "t", "t", "t", "t", "t", "t", "t", "t", "t", "t", "t", "t", "t", "t", "t", "t", "t", "t", "t", "t", "t", "t", "t", "t", "t", "t", "t", "t", "t"]}